Metro Area,State,0_kids,1_kids,2_kids,3_kids,0_kids_year,1_kids_year,2_kids_year,3_kids_year
Anchorage,AK,16.11,31.76,39.98,53.84,33508.8,66060.8,83158.4,111987.2
Fairbanks,AK,16.24,33.54,42.66,57.79,33779.2,69763.2,88732.8,120203.2
Anniston-Oxford-Jacksonville,AL,14.54,27.98,34.25,44.33,30243.2,58198.4,71240,92206.4
Auburn-Opelika,AL,15.31,29.78,37.13,48.53,31844.8,61942.4,77230.4,100942.4
Birmingham-Hoover,AL,17.09,31.22,38.52,50.28,35547.2,64937.6,80121.6,104582.4
Daphne-Fairhope-Foley,AL,16.22,30.25,37.38,49.07,33737.6,62920,77750.4,102065.6
Decatur_one,AL,14.73,29.03,36.45,47.65,30638.4,60382.4,75816,99112
Dothan,AL,14.93,27.8,34.07,44.13,31054.4,57824,70865.6,91790.4
Florence-Muscle Shoals,AL,14.84,29.31,36.73,47.78,30867.2,60964.8,76398.4,99382.4
Gadsden,AL,15.07,27.66,33.65,43.2,31345.6,57532.8,69992,89856
Huntsville,AL,15.3,29.83,37.25,48.82,31824,62046.4,77480,101545.6
Mobile,AL,15.5,29.18,36.16,47.25,32240,60694.4,75212.8,98280
Montgomery,AL,15.66,30.05,37.07,48.04,32572.8,62504,77105.6,99923.2
Tuscaloosa,AL,15.75,28.83,35.44,45.82,32760,59966.4,73715.2,95305.6
Fayetteville-Springdale-Rogers,AR,15.45,32.25,42.05,56.6,32136,67080,87464,117728
Fort Smith,AR,15.62,30.33,38.09,50.35,32489.6,63086.4,79227.2,104728
Hot Springs,AR,15.2,30.2,38.01,49.57,31616,62816,79060.8,103105.6
Jonesboro,AR,14.9,29.42,36.57,47.77,30992,61193.6,76065.6,99361.6
Little Rock-North Little Rock-Conway,AR,16.14,30.31,37.88,49.79,33571.2,63044.8,78790.4,103563.2
Pine Bluff,AR,15.01,28.56,35.23,45.54,31220.8,59404.8,73278.4,94723.2
Flagstaff,AZ,18.2,33.33,40.9,53.64,37856,69326.4,85072,111571.2
Lake Havasu City-Kingman,AZ,15.54,29.18,35.49,46.92,32323.2,60694.4,73819.2,97593.6
Phoenix-Mesa-Scottsdale,AZ,17.55,32.08,38.85,51.62,36504,66726.4,80808,107369.6
Prescott,AZ,15.91,31.47,39.04,51.85,33092.8,65457.6,81203.2,107848
Sierra Vista-Douglas,AZ,15.67,29.38,36.11,47.87,32593.6,61110.4,75108.8,99569.6
Tucson,AZ,15.46,30.73,38.21,50.97,32156.8,63918.4,79476.8,106017.6
Yuma,AZ,15.68,29.34,35.65,47.1,32614.4,61027.2,74152,97968
Bakersfield,CA,16.1,34.03,43.4,58.44,33488,70782.4,90272,121555.2
Chico,CA,16.74,36.08,45.84,61.89,34819.2,75046.4,95347.2,128731.2
El Centro,CA,15.92,34.32,43.31,57.7,33113.6,71385.6,90084.8,120016
Fresno,CA,16.53,34.91,44.46,59.87,34382.4,72612.8,92476.8,124529.6
Hanford-Corcoran,CA,17.66,34.79,43.87,59.08,36732.8,72363.2,91249.6,122886.4
Los Angeles-Long Beach-Anaheim,CA,21.62,44.19,55.05,73.93,44969.6,91915.2,114504,153774.4
Madera,CA,17.52,35.21,44.42,59.87,36441.6,73236.8,92393.6,124529.6
Merced,CA,16.03,34.6,43.82,59.02,33342.4,71968,91145.6,122761.6
Modesto,CA,17.63,36.02,45.47,61.27,36670.4,74921.6,94577.6,127441.6
Napa,CA,20.81,43.6,54.66,74.32,43284.8,90688,113692.8,154585.6
Oxnard-Thousand Oaks-Ventura,CA,20.36,42.38,52.95,71.8,42348.8,88150.4,110136,149344
Redding,CA,16.6,35.75,44.99,60.69,34528,74360,93579.2,126235.2
Sacramento--Roseville--Arden-Arcade,CA,18.87,38.8,48.98,66.54,39249.6,80704,101878.4,138403.2
Salinas,CA,20.93,40.46,50.09,68.05,43534.4,84156.8,104187.2,141544
San Diego-Carlsbad,CA,21.87,43.89,54.46,74.03,45489.6,91291.2,113276.8,153982.4
San Francisco-Oakland-Hayward,CA,25.55,51.91,64.98,87.3,53144,107972.8,135158.4,181584
San Jose-Sunnyvale-Santa Clara,CA,27.74,52.74,65.5,87.75,57699.2,109699.2,136240,182520
San Luis Obispo-Paso Robles-Arroyo Grande,CA,19.62,40.13,50.39,68.56,40809.6,83470.4,104811.2,142604.8
Santa Cruz-Watsonville,CA,26.24,50.87,61.67,81.95,54579.2,105809.6,128273.6,170456
Santa Maria-Santa Barbara,CA,24.28,45.72,56.24,75.01,50502.4,95097.6,116979.2,156020.8
Santa Rosa,CA,20.87,43.35,54.34,74.08,43409.6,90168,113027.2,154086.4
Stockton-Lodi,CA,17.31,36.72,46.53,62.98,36004.8,76377.6,96782.4,130998.4
Vallejo-Fairfield,CA,19.79,39.65,49.78,67.68,41163.2,82472,103542.4,140774.4
Visalia-Porterville,CA,16.03,33.69,42.81,57.29,33342.4,70075.2,89044.8,119163.2
Yuba City,CA,17.52,35.18,44.56,60.1,36441.6,73174.4,92684.8,125008
Riverside-San Bernardino-Ontario,CA,18.1,37.41,47.01,63.1,37648,77812.8,97780.8,131248
Boulder,CO,20.33,40.44,51.98,70.39,42286.4,84115.2,108118.4,146411.2
Colorado Springs,CO,16.91,34.28,43.38,58.51,35172.8,71302.4,90230.4,121700.8
Denver-Aurora-Lakewood,CO,19.62,38.42,48.77,65.62,40809.6,79913.6,101441.6,136489.6
Fort Collins,CO,18.39,36.28,46.3,62.82,38251.2,75462.4,96304,130665.6
Grand Junction,CO,16.05,32.8,41.7,56.08,33384,68224,86736,116646.4
Greeley,CO,17.13,34.43,43.77,59.1,35630.4,71614.4,91041.6,122928
Pueblo,CO,15.74,30.95,39.29,51.99,32739.2,64376,81723.2,108139.2
Bridgeport-Stamford-Norwalk,CT,19.67,39.46,49.8,65.89,40913.6,82076.8,103584,137051.2
Hartford-West Hartford-East Hartford,CT,17.96,35.64,44.48,58.94,37356.8,74131.2,92518.4,122595.2
New Haven-Milford,CT,18.47,35.98,45.03,59.63,38417.6,74838.4,93662.4,124030.4
Norwich-New London,CT,17.38,34.14,42.36,56.39,36150.4,71011.2,88108.8,117291.2
Washington-Arlington-Alexandria,DC,22.07,42.51,53.81,71.13,45905.6,88420.8,111924.8,147950.4
Dover,DE,17.55,33.16,41.14,54.75,36504,68972.8,85571.2,113880
Cape Coral-Fort Myers,FL,16.78,32.73,40.85,53.51,34902.4,68078.4,84968,111300.8
Crestview-Fort Walton Beach-Destin,FL,16.78,31.8,39.53,52,34902.4,66144,82222.4,108160
Deltona-Daytona Beach-Ormond Beach,FL,15.26,31.39,39.1,51.31,31740.8,65291.2,81328,106724.8
Gainesville_one,FL,15.26,30.66,38.39,50.18,31740.8,63772.8,79851.2,104374.4
Homosassa Springs,FL,14.96,30.06,37.55,49.72,31116.8,62524.8,78104,103417.6
Jacksonville_one,FL,15.51,32.1,40.2,52.69,32260.8,66768,83616,109595.2
Lakeland-Winter Haven,FL,15.86,30.78,38.13,49.94,32988.8,64022.4,79310.4,103875.2
Miami-Fort Lauderdale-West Palm Beach,FL,17.51,35.02,43.29,57.42,36420.8,72841.6,90043.2,119433.6
Naples-Immokalee-Marco Island,FL,16.9,34.36,42.93,56.38,35152,71468.8,89294.4,117270.4
North Port-Sarasota-Bradenton,FL,16.18,33.6,42.08,55.42,33654.4,69888,87526.4,115273.6
Ocala,FL,15.18,30.42,37.97,49.55,31574.4,63273.6,78977.6,103064
Orlando-Kissimmee-Sanford,FL,17.61,33.68,41.92,54.91,36628.8,70054.4,87193.6,114212.8
Palm Bay-Melbourne-Titusville,FL,15.63,32,39.82,52.37,32510.4,66560,82825.6,108929.6
Panama City,FL,16.71,32.47,40.49,53.62,34756.8,67537.6,84219.2,111529.6
Pensacola-Ferry Pass-Brent,FL,15.74,30.68,38.17,50.44,32739.2,63814.4,79393.6,104915.2
Port St. Lucie,FL,16.75,32.76,40.82,53.73,34840,68140.8,84905.6,111758.4
Punta Gorda,FL,15.9,31.99,40.25,53.57,33072,66539.2,83720,111425.6
Sebastian-Vero Beach,FL,15.23,30.98,38.29,50.19,31678.4,64438.4,79643.2,104395.2
Sebring,FL,14.39,29.74,37.07,48.04,29931.2,61859.2,77105.6,99923.2
Tallahassee,FL,15.7,30.99,38.61,50.54,32656,64459.2,80308.8,105123.2
Tampa-St. Petersburg-Clearwater,FL,17.17,33.52,41.94,55.02,35713.6,69721.6,87235.2,114441.6
The Villages,FL,15.34,30.88,38.84,51.14,31907.2,64230.4,80787.2,106371.2
Albany_one,GA,15.7,29.14,36.01,46.78,32656,60611.2,74900.8,97302.4
Athens-Clarke County,GA,15.89,29.41,36.29,47.5,33051.2,61172.8,75483.2,98800
Atlanta-Sandy Springs-Roswell,GA,18.37,33.14,41.14,53.59,38209.6,68931.2,85571.2,111467.2
Augusta-Richmond County,GA,15.68,29.35,36.18,47.36,32614.4,61048,75254.4,98508.8
Brunswick,GA,16.01,29.41,36.17,47.56,33300.8,61172.8,75233.6,98924.8
Columbus_one,GA,15.57,29.26,36.09,47.16,32385.6,60860.8,75067.2,98092.8
Dalton,GA,14.91,28.97,35.88,46.91,31012.8,60257.6,74630.4,97572.8
Gainesville,GA,16.59,31.74,39.96,52.62,34507.2,66019.2,83116.8,109449.6
Hinesville,GA,16.52,29.87,36.66,48.46,34361.6,62129.6,76252.8,100796.8
Macon-Bibb County,GA,14.85,29.07,35.88,46.45,30888,60465.6,74630.4,96616
Rome,GA,15.6,29.29,36.2,47.31,32448,60923.2,75296,98404.8
Savannah,GA,17.42,31.14,38.05,50.04,36233.6,64771.2,79144,104083.2
Valdosta,GA,15.35,29.02,35.82,47.15,31928,60361.6,74505.6,98072
Warner Robins,GA,16.27,30.37,37.51,49,33841.6,63169.6,78020.8,101920
Kahului-Wailuku-Lahaina,HI,21,38.64,47.19,63.33,43680,80371.2,98155.2,131726.4
Urban Honolulu,HI,21.82,41.69,51.06,69.54,45385.6,86715.2,106204.8,144643.2
Ames,IA,15.92,30.65,38.68,51.1,33113.6,63752,80454.4,106288
Cedar Rapids,IA,15.39,32.11,41.1,54.66,32011.2,66788.8,85488,113692.8
Davenport-Moline-Rock Island,IA,15.4,32.05,40.97,54,32032,66664,85217.6,112320
Des Moines-West Des Moines,IA,15.82,32.48,41.33,54.65,32905.6,67558.4,85966.4,113672
Dubuque,IA,15.51,32.38,41.47,54.65,32260.8,67350.4,86257.6,113672
Iowa City,IA,16.89,34.52,44.3,59.29,35131.2,71801.6,92144,123323.2
Sioux City,IA,16.28,33.86,43.35,56.89,33862.4,70428.8,90168,118331.2
Waterloo-Cedar Falls,IA,15.89,32.39,41.33,54.35,33051.2,67371.2,85966.4,113048
Boise City,ID,16.17,31.92,39.53,52.58,33633.6,66393.6,82222.4,109366.4
Coeur d'Alene,ID,16.16,31.03,38.15,50.66,33612.8,64542.4,79352,105372.8
Idaho Falls,ID,15.13,30.58,38.2,50.79,31470.4,63606.4,79456,105643.2
Lewiston,ID,15.47,30.97,38.47,50.85,32177.6,64417.6,80017.6,105768
Pocatello,ID,14.67,28.66,35.07,46.13,30513.6,59612.8,72945.6,95950.4
Twin Falls,ID,15.32,29.92,36.59,48.01,31865.6,62233.6,76107.2,99860.8
Bloomington_one,IL,16.12,32.68,41.66,55.89,33529.6,67974.4,86652.8,116251.2
Carbondale-Marion,IL,14.99,29.68,37.27,48.94,31179.2,61734.4,77521.6,101795.2
Champaign-Urbana,IL,17.03,32.21,40.71,53.52,35422.4,66996.8,84676.8,111321.6
Chicago-Naperville-Elgin,IL,18.42,35.2,44.23,58.21,38313.6,73216,91998.4,121076.8
Danville,IL,15.23,30.72,38.66,50.86,31678.4,63897.6,80412.8,105788.8
Decatur,IL,15.12,30.61,38.54,51.09,31449.6,63668.8,80163.2,106267.2
Kankakee,IL,16.05,31.87,39.84,52.63,33384,66289.6,82867.2,109470.4
Peoria,IL,15.6,30.79,38.84,51,32448,64043.2,80787.2,106080
Rockford,IL,15.25,31.14,39.42,52.23,31720,64771.2,81993.6,108638.4
Springfield_one,IL,15.6,31.53,39.79,52.09,32448,65582.4,82763.2,108347.2
Bloomington,IN,15.9,29.55,36.75,48.79,33072,61464,76440,101483.2
Columbus_two,IN,16.54,29.41,36.48,47.95,34403.2,61172.8,75878.4,99736
Elkhart-Goshen,IN,15.04,28.46,35.12,45.77,31283.2,59196.8,73049.6,95201.6
Evansville,IN,15.4,28.64,35.33,46.29,32032,59571.2,73486.4,96283.2
Fort Wayne,IN,15.16,28.58,35.25,46.01,31532.8,59446.4,73320,95700.8
Indianapolis-Carmel-Anderson,IN,15.9,29.98,37.39,49.32,33072,62358.4,77771.2,102585.6
Kokomo,IN,15.25,28.26,35.37,46.92,31720,58780.8,73569.6,97593.6
Lafayette-West Lafayette,IN,15.56,28.58,35.32,46.35,32364.8,59446.4,73465.6,96408
Michigan City-La Port,IN,14.76,28.58,35.77,47.14,30700.8,59446.4,74401.6,98051.2
Munsie,IN,15.16,28.6,35.97,47.39,31532.8,59488,74817.6,98571.2
South Bend-Mishawaka,IN,15.44,29.04,36.14,47.4,32115.2,60403.2,75171.2,98592
Terre Haute,IN,14.7,27.24,33.39,43.32,30576,56659.2,69451.2,90105.6
Lawrence,KS,16.65,33.29,41.68,55.54,34632,69243.2,86694.4,115523.2
Manhattan,KS,15.35,29.95,36.98,48.11,31928,62296,76918.4,100068.8
Topeka,KS,15.87,31.39,38.95,50.65,33009.6,65291.2,81016,105352
Wichita,KS,15.6,31.99,39.73,52.15,32448,66539.2,82638.4,108472
Bowling Green,KY,15.49,29.43,37,48.43,32219.2,61214.4,76960,100734.4
Elizabethtown-Fort Knox,KY,15.46,29.58,37.14,49.5,32156.8,61526.4,77251.2,102960
Lexington-Fayette,KY,15.51,31.07,39.58,52.78,32260.8,64625.6,82326.4,109782.4
Louisville/Jefferson County,KY,15.72,31.01,39.28,52.03,32697.6,64500.8,81702.4,108222.4
Owensboro,KY,15.28,29.56,37.19,48.87,31782.4,61484.8,77355.2,101649.6
Providence-Warwick,LA,14.76,30.77,38.17,49.76,30700.8,64001.6,79393.6,103500.8
Charleston-North Charleston,LA,16.36,31.94,39.37,51,34028.8,66435.2,81889.6,106080
Columbia_one,LA,15.81,31.29,38.69,49.92,32884.8,65083.2,80475.2,103833.6
Florence,LA,15.64,31.33,38.73,50.67,32531.2,65166.4,80558.4,105393.6
Greenville-Anderson-Mauldin,LA,15.25,31,38.47,50.22,31720,64480,80017.6,104457.6
Hilton Head Island-Bluffton-Beaufort,LA,15.54,31.15,38.57,49.86,32323.2,64792,80225.6,103708.8
Myrtle Beach-Conway-North Myrtle Beach,LA,14.69,29.42,36.31,46.78,30555.2,61193.6,75524.8,97302.4
Spartanburg,LA,16.32,32.7,40.32,52.44,33945.6,68016,83865.6,109075.2
Sumter,LA,15.54,32.28,40.48,52.66,32323.2,67142.4,84198.4,109532.8
Rapid City,MA,19.31,42.02,55.21,74.15,40164.8,87401.6,114836.8,154232
Sioux Falls,MA,22.56,45.12,58.2,77.8,46924.8,93849.6,121056,161824
Chattanooga,MA,17.3,36.96,48.64,65.15,35984,76876.8,101171.2,135512
Clarksville,MA,16.25,35.02,45.85,61.19,33800,72841.6,95368,127275.2
Cleveland,MA,18.12,37.82,49.63,66.51,37689.6,78665.6,103230.4,138340.8
Jackson_one,MD,17.54,35.81,45,59.5,36483.2,74484.8,93600,123760
Johnson City,MD,17.35,33.55,40.76,54.27,36088,69784,84780.8,112881.6
Kingsport-Bristol-Bristol,MD,14.57,29.39,36.75,47.99,30305.6,61131.2,76440,99819.2
Knoxville,MD,15.28,30.98,39.21,52.08,31782.4,64438.4,81556.8,108326.4
Memphis,MD,15.8,31.15,38.59,50.96,32864,64792,80267.2,105996.8
Morristown,ME,16.23,32.69,41.01,53.79,33758.4,67995.2,85300.8,111883.2
Nashville-Davidson--Murfreesboro--Franklin,ME,16.71,33.1,41.54,54.77,34756.8,68848,86403.2,113921.6
Abilene,ME,18.86,37.07,46.37,61.42,39228.8,77105.6,96449.6,127753.6
Amarillo,MI,18.53,40.57,55.93,76.08,38542.4,84385.6,116334.4,158246.4
Austin-Round Rock,MI,15.16,32.39,42.57,56.9,31532.8,67371.2,88545.6,118352
Beaumont-Port Arthur,MI,14.88,32.7,43.62,58.74,30950.4,68016,90729.6,122179.2
Brownsville-Harlingen,MI,16.2,36.67,49.63,67.17,33696,76273.6,103230.4,139713.6
College Station-Bryan,MI,14.91,33.35,44.88,60.44,31012.8,69368,93350.4,125715.2
Corpus Christi,MI,16.5,33.91,44.78,60.38,34320,70532.8,93142.4,125590.4
Dallas-Fort Worth-Arlington,MI,15.69,31.92,41.69,55.7,32635.2,66393.6,86715.2,115856
El Paso,MI,16.87,38.39,52.47,71.65,35089.6,79851.2,109137.6,149032
Houston-The Woodlands-Sugar Land,MI,15.65,32.76,43.61,58.54,32552,68140.8,90708.8,121763.2
Killeen-Temple,MI,15.11,32.4,42.68,57.83,31428.8,67392,88774.4,120286.4
Laredo,MI,15.69,33.35,44.05,59.49,32635.2,69368,91624,123739.2
Longview_one,MI,15.45,31.96,41.8,55.83,32136,66476.8,86944,116126.4
Lubbock,MI,15.61,32.52,43.08,57.7,32468.8,67641.6,89606.4,120016
McAllen-Edinburg-Mission,MI,15.12,32.77,43.41,57.95,31449.6,68161.6,90292.8,120536
Midland_one,MN,16.26,31.76,40,53.3,33820.8,66060.8,83200,110864
Odessa,MN,16.37,32.04,39.77,53.55,34049.6,66643.2,82721.6,111384
San Angelo,MN,18.2,36.08,45.93,61.79,37856,75046.4,95534.4,128523.2
San Antonio-New Braunfels,MN,16.36,32.65,40.98,55.58,34028.8,67912,85238.4,115606.4
Sherman-Denison,MN,16.28,31.02,38.75,52.18,33862.4,64521.6,80600,108534.4
Texarkana,MO,15.38,30.35,37.03,48.7,31990.4,63128,77022.4,101296
Tyler,MO,15.69,31.3,39.3,51.66,32635.2,65104,81744,107452.8
Victoria,MO,15,29.71,36.53,47.75,31200,61796.8,75982.4,99320
Waco,MO,15.58,30.88,38.27,49.88,32406.4,64230.4,79601.6,103750.4
Wichita Falls,MO,16.75,32.74,40.29,52.8,34840,68099.2,83803.2,109824
Logan,MO,15.39,30.32,36.89,47.97,32011.2,63065.6,76731.2,99777.6
Ogden-Clearfield,MO,16.32,33.08,41.59,54.65,33945.6,68806.4,86507.2,113672
Provo-Orem,MO,15.72,30.21,37.14,48.85,32697.6,62836.8,77251.2,101608
St. George,MS,15.29,29.98,37.01,48.49,31803.2,62358.4,76980.8,100859.2
Salt Lake City,MS,14.6,29.38,35.93,46.3,30368,61110.4,74734.4,96304
Blacksburg-Christiansburg-Radford,MS,16.1,30.28,36.8,47.11,33488,62982.4,76544,97988.8
Charlottesville,RI,17.31,35.05,45.06,59.99,36004.8,72904,93724.8,124779.2
Harrisonburg,SC,18.82,33.47,40.38,52.04,39145.6,69617.6,83990.4,108243.2
Lynchburg,SC,17.12,31.47,38.29,49.43,35609.6,65457.6,79643.2,102814.4
Richmond,SC,15.78,30.08,36.81,47.4,32822.4,62566.4,76564.8,98592
Roanoke,SC,16.62,31.26,38.13,49.42,34569.6,65020.8,79310.4,102793.6
Staunton-Waynesboro,SC,18.83,33.1,39.94,51.57,39166.4,68848,83075.2,107265.6
Virginia Beach-Norfolk-Newport News,SC,16.8,31.42,38.66,50.25,34944,65353.6,80412.8,104520
Winchester,SC,16.94,31.55,38.73,50.34,35235.2,65624,80558.4,104707.2
Burlington-South Burlington,SC,15.13,28.38,34.44,44.18,31470.4,59030.4,71635.2,91894.4
Bellingham,SD,14.87,30.25,38.01,50.61,30929.6,62920,79060.8,105268.8
Bremerton-Silverdale,SD,15.06,29.88,37.66,49.64,31324.8,62150.4,78332.8,103251.2
Kennewick-Richland,TN,14.65,27.41,34.06,44.51,30472,57012.8,70844.8,92580.8
Longview,TN,14.08,27.55,34.36,45.69,29286.4,57304,71468.8,95035.2
Mount Vernon-Anacortes,TN,13.98,27.4,34.2,44.74,29078.4,56992,71136,93059.2
Olympia-Tumwater,TN,13,24.83,30.55,39.87,27040,51646.4,63544,82929.6
Seattle-Tacoma-Bellevue,TN,14.53,26.82,33.45,43.55,30222.4,55785.6,69576,90584
Spokane-Spokane Valley,TN,13.83,26.43,33.02,43.15,28766.4,54974.4,68681.6,89752
Walla Walla,TN,14.53,28.04,34.96,45.89,30222.4,58323.2,72716.8,95451.2
Wenatchee,TN,14.96,28.13,35.05,46.17,31116.8,58510.4,72904,96033.6
Yakima,TN,13.57,25.02,30.67,39.98,28225.6,52041.6,63793.6,83158.4
Appleton,TN,16.98,29.98,36.88,48.19,35318.4,62358.4,76710.4,100235.2
Eau Claire,TX,15.1,28.89,35.21,45.86,31408,60091.2,73236.8,95388.8
Fond du Lac,TX,14.58,29.02,35.8,46.9,30326.4,60361.6,74464,97552
Green Bay,TX,17.46,33.88,41.98,54.97,36316.8,70470.4,87318.4,114337.6
Janesville-Beloit,TX,14.92,28.94,35.64,46.3,31033.6,60195.2,74131.2,96304
La Crosse-Onalaska,TX,14.29,27.51,33.82,43.81,29723.2,57220.8,70345.6,91124.8
Madison,TX,14.96,29.47,36.68,48.63,31116.8,61297.6,76294.4,101150.4
Milwaukee-Waukesha-West Allis,TX,15.88,31.03,38.33,50.22,33030.4,64542.4,79726.4,104457.6
Oshkosh-Neenah,TX,17.03,32.85,40.67,53.3,35422.4,68328,84593.6,110864
Racine,TX,14.03,28.11,34.49,45.27,29182.4,58468.8,71739.2,94161.6
Sheboygan,TX,16.39,31.62,39.21,51.59,34091.2,65769.6,81556.8,107307.2
Wausau,TX,14.61,28.17,34.73,45.73,30388.8,58593.6,72238.4,95118.4
Beckley,TX,15.25,28.81,35.33,45.86,31720,59924.8,73486.4,95388.8
Charleston,TX,13.39,26.05,31.7,40.88,27851.2,54184,65936,85030.4
Huntington-Ashland,TX,14.62,28.75,35.34,46.63,30409.6,59800,73507.2,96990.4
Morgantown,TX,14.18,27.54,33.96,43.93,29494.4,57283.2,70636.8,91374.4
Parkersburg-Vienna,TX,17.76,32.38,39.42,50.84,36940.8,67350.4,81993.6,105747.2
Weirton-Steubenville,TX,15.96,31.34,38.38,49.51,33196.8,65187.2,79830.4,102980.8
Wheeling,TX,14.65,29.02,35.37,45.94,30472,60361.6,73569.6,95555.2
Casper,TX,15.43,31.08,38.57,50.37,32094.4,64646.4,80225.6,104769.6
Cheyenne,TX,14.79,29.49,36.39,47.64,30763.2,61339.2,75691.2,99091.2
Alexandria,TX,14.61,27.84,34.07,43.83,30388.8,57907.2,70865.6,91166.4
Baton Rouge,TX,16.37,29.85,36.27,46.66,34049.6,62088,75441.6,97052.8
Hammond,TX,15.21,29.7,36.31,47.04,31636.8,61776,75524.8,97843.2
Houma-Thibodaux,TX,14.9,28.66,34.98,45.54,30992,59612.8,72758.4,94723.2
Lafayette,TX,14.28,28.12,34.5,45.03,29702.4,58489.6,71760,93662.4
Lake Charles,UT,14.88,29.38,36.96,49.33,30950.4,61110.4,76876.8,102606.4
Monroe_one,UT,16.24,31.07,38.79,51.74,33779.2,64625.6,80683.2,107619.2
New Orleans-Metairie,UT,16.73,31.42,39.89,53.65,34798.4,65353.6,82971.2,111592
Shreveport-Bossier City,UT,16.55,30.97,38.8,51.99,34424,64417.6,80704,108139.2
Bangor,UT,17.05,32.73,40.76,54.6,35464,68078.4,84780.8,113568
Lewiston-Auburn,VA,16.86,31.96,39.98,53.16,35068.8,66476.8,83158.4,110572.8
Portland-South Portland,VA,18.35,34.99,43.48,56.59,38168,72779.2,90438.4,117707.2
Baltimore-Columbia-Towson,VA,16.24,32.42,41.19,54.24,33779.2,67433.6,85675.2,112819.2
California-Lexington Park,VA,15.76,30.68,38.74,50.99,32780.8,63814.4,80579.2,106059.2
Cumberland,VA,18.48,33.88,42.27,55.66,38438.4,70470.4,87921.6,115772.8
Hagerstown-Martinsburg,VA,14.35,28.15,34.73,45.06,29848,58552,72238.4,93724.8
Salisbury,VA,16.17,31.79,40.04,52.93,33633.6,66123.2,83283.2,110094.4
Barnstable Town,VA,17.95,33.4,41.76,55.69,37336,69472,86860.8,115835.2
Boston-Cambridge-Newton,VA,17.06,32.88,41.14,54.05,35484.8,68390.4,85571.2,112424
Pittsfield,VT,19.01,38.76,48.96,64.44,39540.8,80620.8,101836.8,134035.2
Springfield_three,WA,16.45,32.12,40.92,55.58,34216,66809.6,85113.6,115606.4
Worcester,WA,16.92,32.98,41.08,55.43,35193.6,68598.4,85446.4,115294.4
Ann Arbor,WA,14.92,29.87,37.95,50.68,31033.6,62129.6,78936,105414.4
Battle Creek,WA,14.91,29.96,38.12,51.49,31012.8,62316.8,79289.6,107099.2
Bay City,WA,16,31.57,39.97,54.15,33280,65665.6,83137.6,112632
Detroit-Warren-Dearborn,WA,17.22,31.28,39.29,53.13,35817.6,65062.4,81723.2,110510.4
Flint,WA,19.81,36.27,45.47,61.97,41204.8,75441.6,94577.6,128897.6
Grand Rapids-Wyoming,WA,14.94,29.71,37.65,50.75,31075.2,61796.8,78312,105560
Jackson_two,WA,15.56,31.15,39.49,53.38,32364.8,64792,82139.2,111030.4
Kalamazoo-Portage,WA,15.29,29.67,36.96,49.21,31803.2,61713.6,76876.8,102356.8
Lansing-East Lansing,WA,15.21,29.14,36.33,48.6,31636.8,60611.2,75566.4,101088
Midland,WI,15.73,31.65,40.82,54.64,32718.4,65832,84905.6,113651.2
Monroe,WI,15.6,31.42,39.89,53.08,32448,65353.6,82971.2,110406.4
Muskegon,WI,15.66,31.01,39.55,52.53,32572.8,64500.8,82264,109262.4
Niles-Benton Harbor,WI,15.92,31.84,40.69,54.58,33113.6,66227.2,84635.2,113526.4
Saginaw,WI,16.15,32.03,41.13,54.79,33592,66622.4,85550.4,113963.2
Duluth,WI,15.62,31.64,40.29,53.89,32489.6,65811.2,83803.2,112091.2
Mankato-North Mankato,WI,17.52,35.87,46.76,63.08,36441.6,74609.6,97260.8,131206.4
Minneapolis-St. Paul-Bloomington,WI,16.24,34.35,45.01,60.09,33779.2,71448,93620.8,124987.2
Rochester_one,WI,15.28,31.31,40.45,54,31782.4,65124.8,84136,112320
St. Cloud,WI,15.77,32.98,42.74,57.06,32801.6,68598.4,88899.2,118684.8
Gulfport-Biloxi-Pascagoula,WI,15.32,30.88,39.52,52.21,31865.6,64230.4,82201.6,108596.8
Hattiesburg,WI,14.68,29.35,37.13,48.62,30534.4,61048,77230.4,101129.6
Jackson,WV,14.92,29.44,37.43,49.54,31033.6,61235.2,77854.4,103043.2
Cape Girardeau,WV,13.98,28.39,36.04,47.07,29078.4,59051.2,74963.2,97905.6
Columbia,WV,14.89,30.36,38.55,50.93,30971.2,63148.8,80184,105934.4
Jefferson City,WV,15.99,31.97,41.24,55,33259.2,66497.6,85779.2,114400
Joplin,WV,15.24,30.33,38.82,51.46,31699.2,63086.4,80745.6,107036.8
Kansas City,WV,14.58,31.57,41.37,55.09,30326.4,65665.6,86049.6,114587.2
St. Joseph,WV,14.85,30.6,39.39,52.01,30888,63648,81931.2,108180.8
St. Louis,WY,14.47,29.16,36.82,49.24,30097.6,60652.8,76585.6,102419.2
Springfield_two,WY,15.14,29.29,36.95,49.42,31491.2,60923.2,76856,102793.6
Billings,MT,15.67,31.97,40.55,54.11,32593.6,66497.6,84344,112548.8
Great Falls,MT,15.74,31.5,40.34,53.94,32739.2,65520,83907.2,112195.2
Missoula,MT,16.29,32.75,41.59,55.95,33883.2,68120,86507.2,116376
Grand Island,NE,16.4,32.26,40.48,53.52,34112,67100.8,84198.4,111321.6
Lincoln,NE,16.28,32.58,41.14,54.72,33862.4,67766.4,85571.2,113817.6
Omaha-Council Bluffs,NE,16.86,33.33,41.81,55.3,35068.8,69326.4,86964.8,115024
Carson City,NV,15.2,31.72,40.09,53.66,31616,65977.6,83387.2,111612.8
Las Vegas-Henderson-Paradise,NV,15.9,32.78,41.41,55.59,33072,68182.4,86132.8,115627.2
Reno,NV,16.06,33.09,41.53,55.74,33404.8,68827.2,86382.4,115939.2
Manchester-Nashua,NH,16.96,34.02,42.89,57.15,35276.8,70761.6,89211.2,118872
Atlantic City-Hammonton,NJ,18.01,37.79,47.43,63.63,37460.8,78603.2,98654.4,132350.4
Ocean City,NJ,17.72,37.93,48,63.78,36857.6,78894.4,99840,132662.4
Trenton,NJ,18.54,42.18,55.23,73.79,38563.2,87734.4,114878.4,153483.2
Vineland-Bridgeton,NJ,17.94,36.83,45.86,60.91,37315.2,76606.4,95388.8,126692.8
Albuquerque,NM,15.67,31.31,38.81,51.58,32593.6,65124.8,80724.8,107286.4
Farmington,NM,16.14,30.33,37.83,49.52,33571.2,63086.4,78686.4,103001.6
Las Cruces,NM,15.32,29.85,37.35,49.48,31865.6,62088,77688,102918.4
Santa Fe,NM,16.97,32.24,39.74,51.71,35297.6,67059.2,82659.2,107556.8
Albany-Schenectady-Troy,NY,17.52,35.31,45.57,60.44,36441.6,73444.8,94785.6,125715.2
Binghamton,NY,16.25,31.81,40.51,53.82,33800,66164.8,84260.8,111945.6
Buffalo-Cheektowaga-Niagara Falls,NY,17.05,33.17,42.7,56.5,35464,68993.6,88816,117520
Elmira,NY,16.95,32.37,41.07,54.57,35256,67329.6,85425.6,113505.6
Glens Falls,NY,16.57,33.47,42.7,56.79,34465.6,69617.6,88816,118123.2
Ithaca,NY,18.76,35.87,45.6,60.51,39020.8,74609.6,94848,125860.8
Kingston,NY,17.89,36.99,47.66,63.78,37211.2,76939.2,99132.8,132662.4
New York-Newark-Jersey City,NY,22.71,42.91,54.2,72.2,47236.8,89252.8,112736,150176
Rochester,NY,16.7,33.74,43.25,57.19,34736,70179.2,89960,118955.2
Syracuse,NY,16.36,32.93,42.35,56.04,34028.8,68494.4,88088,116563.2
Utica-Rome,NY,15.92,31.45,40.15,52.91,33113.6,65416,83512,110052.8
Watertown-Fort Drum,NY,16.67,33.26,41.96,55.79,34673.6,69180.8,87276.8,116043.2
Asheville,NC,18.47,34.7,43.89,58.46,38417.6,72176,91291.2,121596.8
Burlington,NC,15.67,32.24,41.35,54.43,32593.6,67059.2,86008,113214.4
Charlotte-Concord-Gastonia,NC,17.7,33.42,42.3,55.89,36816,69513.6,87984,116251.2
Durham-Chapel Hill,NC,17.23,33.76,43.54,57.85,35838.4,70220.8,90563.2,120328
Fayetteville,NC,14.91,28.6,35.88,47.18,31012.8,59488,74630.4,98134.4
Goldsboro,NC,15.58,30.92,39.12,51.01,32406.4,64313.6,81369.6,106100.8
Greensboro-High Point,NC,16.12,31.15,39.5,52.01,33529.6,64792,82160,108180.8
Greenville,NC,16.13,31.76,40.47,53.93,33550.4,66060.8,84177.6,112174.4
Hickory-Lenoir-Morganton,NC,15.11,29.69,37.62,49.27,31428.8,61755.2,78249.6,102481.6
Jacksonville,NC,16.06,31.92,40.65,54.38,33404.8,66393.6,84552,113110.4
New Bern,NC,16.15,31.86,40.39,53.42,33592,66268.8,84011.2,111113.6
Raleigh,NC,18.36,35.93,46.47,61.47,38188.8,74734.4,96657.6,127857.6
Rocky Mount,NC,15.41,30.65,38.96,51.52,32052.8,63752,81036.8,107161.6
Wilmington,NC,16.3,32.92,41.72,55.4,33904,68473.6,86777.6,115232
Winston-Salem,NC,15.47,31.2,39.91,52.85,32177.6,64896,83012.8,109928
Bismarck,ND,15.73,31.14,39.48,53.03,32718.4,64771.2,82118.4,110302.4
Fargo,ND,14.77,30.55,38.54,51.67,30721.6,63544,80163.2,107473.6
Grand Forks,ND,14.98,30.26,37.9,50.7,31158.4,62940.8,78832,105456
Akron,OH,15.07,31.35,40.65,54.43,31345.6,65208,84552,113214.4
Canton-Massillon,OH,14.58,29.53,37.69,50.01,30326.4,61422.4,78395.2,104020.8
Cincinnati,OH,15.28,31.61,40.8,55.18,31782.4,65748.8,84864,114774.4
Cleveland-Elyria,OH,15.3,31.81,41.45,55.95,31824,66164.8,86216,116376
Columbus,OH,16.09,32.59,41.91,56.04,33467.2,67787.2,87172.8,116563.2
Dayton,OH,15.05,31.41,40.86,55.25,31304,65332.8,84988.8,114920
Lima,OH,14.88,28.39,35.43,46.84,30950.4,59051.2,73694.4,97427.2
Mansfield,OH,14.58,29.41,37.57,50.18,30326.4,61172.8,78145.6,104374.4
Springfield,OH,14.78,29.82,37.97,50.28,30742.4,62025.6,78977.6,104582.4
Toledo,OH,14.63,30.39,39.45,53.12,30430.4,63211.2,82056,110489.6
Youngstown-Warren-Boardman,OH,14.75,30.13,39.01,52.24,30680,62670.4,81140.8,108659.2
Enid,OK,14.91,30.7,38.6,50.53,31012.8,63856,80288,105102.4
Lawton,OK,15.01,30.07,37.94,50.34,31220.8,62545.6,78915.2,104707.2
Oklahoma City,OK,15.93,31.11,38.93,51.26,33134.4,64708.8,80974.4,106620.8
Tulsa,OK,15.26,30.89,38.63,50.66,31740.8,64251.2,80350.4,105372.8
Albany,OR,17.48,34,41.93,55.77,36358.4,70720,87214.4,116001.6
Bend-Redmond,OR,17.89,35.17,43.26,57.94,37211.2,73153.6,89980.8,120515.2
Corvallis,OR,18.51,35.2,43.7,58.62,38500.8,73216,90896,121929.6
Eugene,OR,17.46,35.08,43.58,58.45,36316.8,72966.4,90646.4,121576
Grants Pass,OR,17.66,33.72,41.56,55.47,36732.8,70137.6,86444.8,115377.6
Medford,OR,16.98,33.3,41.22,55,35318.4,69264,85737.6,114400
Portland-Vancouver-Hillsboro,OR,20.84,38.02,46.95,64.25,43347.2,79081.6,97656,133640
Salem,OR,17.51,33.7,41.63,55.57,36420.8,70096,86590.4,115585.6
Allentown-Bethlehem-Easton,PA,16.71,32.73,41.04,54.34,34756.8,68078.4,85363.2,113027.2
Altoona,PA,15.09,28.42,34.84,45.33,31387.2,59113.6,72467.2,94286.4
Bloomsburg-Berwick,PA,15.94,30.43,38.65,51.11,33155.2,63294.4,80392,106308.8
Chambersburg-Waynesboro,PA,15.6,29.82,37.02,49,32448,62025.6,77001.6,101920
East Stroudsburg,PA,16.83,32.27,40.53,54.41,35006.4,67121.6,84302.4,113172.8
Erie,PA,15.44,30.23,38.2,50.3,32115.2,62878.4,79456,104624
Gettysburg,PA,15.94,30.42,37.68,50,33155.2,63273.6,78374.4,104000
Harrisburg-Carlisle,PA,15.63,31.05,38.93,51.34,32510.4,64584,80974.4,106787.2
Johnstown,PA,14.74,28.64,35.86,47.16,30659.2,59571.2,74588.8,98092.8
Lancaster,PA,15.85,31.19,38.92,51.18,32968,64875.2,80953.6,106454.4
Lebanon,PA,16.04,30.77,38.68,51.12,33363.2,64001.6,80454.4,106329.6
Philadelphia-Camden-Wilmington,PA,17.36,34.59,44.03,58.29,36108.8,71947.2,91582.4,121243.2
Pittsburgh,PA,16.02,31.15,39.4,52.18,33321.6,64792,81952,108534.4
Reading,PA,15.47,31.43,39.85,52.57,32177.6,65374.4,82888,109345.6
Scranton--Wilkes-Barre--Hazleton,PA,15.2,29.96,37.7,49.81,31616,62316.8,78416,103604.8
State College,PA,17.11,30.72,38.05,50.41,35588.8,63897.6,79144,104852.8
Williamsport,PA,15.85,29.79,37.19,49.22,32968,61963.2,77355.2,102377.6
York-Hanover,PA,15.54,30.82,38.53,50.7,32323.2,64105.6,80142.4,105456
